epoch,train_loss,val_iou
1,0.691549,0.661868
2,0.674540,0.735865
